City,2022_total,2023_total,2024_01_total,2024_02_total,2024_03_total,2024_04_total
,1450.30,2185.05,2470.90,2596.60,2635.70,2798.80
"New York City",599.80,569.80,607.40,627.90,637.20,638.10
"Hong Kong",342.00,283.40,266.30,277.10,274.60,281.90
Paris,324.80,383.80,393.10,413.00,410.30,398.20
Austin,299.00,258.30,304.60,319.30,319.10,326.40
London,295.80,283.30,278.90,274.80,283.50,287.20
Mumbai,279.30,235.40,298.50,304.40,308.00,319.90
Shenzhen,244.70,214.50,160.70,167.60,162.50,173.80
"Palo Alto",237.30,194.10,356.10,359.80,368.30,358.70
Seattle,227.70,149.70,239.70,244.50,243.50,237.20
Beijing,218.10,198.10,168.90,184.90,182.70,190.30
Moscow,203.30,287.80,296.20,307.70,312.30,331.90
Hangzhou,202.30,138.80,120.00,127.60,123.70,133.50
Taipei,156.70,96.40,106.30,106.50,131.00,133.40
"San Francisco",151.10,117.40,153.70,160.50,170.30,160.60
"Mexico City",146.10,152.40,165.90,161.20,169.80,167.00
Medina,134.80,109.20,131.30,135.40,138.70,134.00
Bentonville,131.20,58.80,NULL,NULL,NULL,NULL
"Los Altos",130.80,95.60,135.70,130.80,140.00,148.20
Shanghai,127.10,101.40,88.90,100.00,99.90,115.50
Omaha,120.30,108.50,131.10,137.10,141.00,133.40
Ahmedabad,114.00,26.00,36.10,38.00,38.80,39.00
Singapore,106.20,95.00,101.20,95.70,99.20,102.70
Lanai,106.00,107.00,143.70,139.90,155.20,142.80
Seoul,97.60,73.70,80.40,84.10,86.10,79.80
Tokyo,97.40,99.40,111.20,115.00,120.90,112.90
"Hunts Point",93.60,82.70,122.50,124.80,126.50,119.10
Delhi,93.20,71.80,104.30,110.00,108.10,110.80
Bangkok,91.90,86.90,68.30,67.00,69.30,68.80
"Los Angeles",87.30,90.00,90.10,91.30,91.30,96.00
Stockholm,84.50,72.20,83.30,85.40,76.80,76.60
"Fort Worth",84.00,78.60,86.70,92.50,94.70,93.90
Foshan,82.00,31.30,16.00,17.90,17.00,16.80
Ningde,77.60,61.40,40.60,45.30,52.00,55.30
Ningbo,74.30,50.50,36.20,41.10,39.40,43.00
Toronto,74.20,73.40,87.50,89.60,93.10,96.70
Milan,73.20,53.70,47.60,50.20,49.10,51.30
Dallas,70.50,74.30,85.70,86.40,83.10,88.20
Chicago,69.70,80.85,84.20,88.20,90.40,98.50
Houston,68.20,69.90,77.10,78.90,81.20,92.30
"La Coruna",65.40,84.20,108.80,111.80,124.00,114.90
"Palm Beach",63.50,62.20,71.60,76.10,81.10,86.70
Atherton,62.60,57.70,68.90,69.20,74.70,75.10
Sydney,60.50,49.00,58.90,59.20,58.10,55.50
Wichita,60.00,NULL,NULL,NULL,NULL,NULL
Atlanta,57.70,61.20,77.00,78.30,77.80,74.90
Greenwich,57.00,54.10,54.00,53.00,53.70,50.50
Guangzhou,56.90,45.10,32.40,36.30,37.30,51.10
"Sao Paulo",56.30,31.70,41.20,38.50,41.90,44.00
Jackson,56.10,69.70,76.50,79.50,80.20,80.50
Chengdu,54.75,40.30,29.70,32.70,32.60,31.70
Perth,53.50,52.20,37.60,37.50,38.00,37.80
Hillsboro,47.30,45.10,40.50,42.40,39.30,38.80
Neckarsulm,47.10,42.90,46.10,38.70,37.40,36.30
Geneva,46.80,32.30,32.90,33.50,38.10,38.20
Kudus,45.50,47.30,50.70,50.60,50.80,48.10
"Monte Carlo",43.20,40.20,41.90,41.70,44.50,46.30
Woodside,42.60,32.40,31.40,32.20,33.00,33.20
Jakarta,40.90,55.70,88.20,92.80,89.50,122.80
"Tel Aviv",40.60,38.30,40.60,41.00,43.30,50.30
"Las Vegas",39.90,13.60,13.90,14.00,10.60,13.50
Laval,39.90,37.40,43.30,43.90,42.80,41.30
"Beverly Hills",39.40,40.90,46.60,47.00,47.10,47.70
Zurich,38.00,37.50,40.60,40.10,41.30,40.70
Schindellegi,37.30,39.10,33.40,43.10,39.10,40.00
Hamburg,36.90,39.00,41.80,41.40,34.60,35.10
Bangalore,36.20,30.10,34.80,35.00,33.40,36.10
Brussels,36.20,38.90,39.40,39.40,43.20,42.90
Santiago,35.70,36.40,36.30,35.00,37.20,38.50
Manila,34.70,36.70,38.70,40.20,41.30,40.30
"Oklahoma City",34.20,33.40,40.30,38.00,32.20,32.10
Vienna,33.60,29.00,31.10,32.60,37.10,35.60
"Kuala Lumpur",33.30,21.90,21.20,20.40,20.60,20.40
Billund,32.80,26.80,27.20,25.20,25.20,25.10
Melbourne,32.50,29.70,29.50,28.30,29.00,29.60
Istanbul,32.30,45.80,36.20,35.70,41.10,46.00
Dubai,32.10,34.00,30.10,30.10,34.50,37.80
Changsha,32.00,32.00,21.40,25.00,23.50,25.70
"The Plains",31.70,38.30,39.80,38.60,38.50,39.20
Pune,31.50,29.80,35.90,33.40,33.50,34.10
Vancouver,30.80,28.50,30.90,30.70,28.30,27.60
Franklin,29.70,25.90,35.40,35.70,38.50,34.90
"Rio de Janeiro",29.50,25.40,27.50,27.90,29.20,28.40
"East Setauket",28.60,28.10,30.70,30.70,31.40,31.40
Lagos,28.20,28.50,29.40,25.00,28.30,26.80
Prague,27.60,30.60,30.20,30.00,30.90,30.70
"Fuschl am See",27.40,NULL,NULL,NULL,NULL,NULL
Quanzhou,27.40,19.90,16.40,17.40,18.20,18.80
Osaka,26.00,22.60,22.70,23.00,22.80,22.30
"Newport Beach",25.90,27.30,34.30,35.10,35.30,35.00
Boston,25.00,28.00,25.80,26.70,29.30,28.70
Wujiang,24.70,8.70,6.00,6.60,7.10,7.80
Montreal,24.60,25.10,27.50,28.10,27.20,26.60
Naples,24.40,28.80,28.60,29.10,30.60,30.10
"Bad Homburg",24.30,27.40,23.70,26.50,26.10,25.30
Changzhou,23.90,21.00,12.00,13.60,12.50,12.30
Denver,23.80,17.20,17.90,17.90,19.10,19.20
Tegernsee,23.80,23.00,19.20,19.40,19.60,19.20
Lianyungang,23.70,16.10,12.60,14.70,16.40,16.60
"St. Louis",23.60,21.50,24.80,25.00,25.00,25.60
"Miami Beach",22.60,24.20,22.10,22.20,22.40,22.40
Suzhou,22.20,18.80,7.40,9.30,8.90,9.10
Madrid,21.40,25.00,28.30,28.70,29.30,29.40
Milton,21.20,21.60,28.40,29.50,29.00,28.60
"Frankfurt am Main",20.70,24.60,24.80,27.40,26.90,27.90
Electra,19.70,21.40,25.30,25.50,26.20,26.10
Kuenzelsau,19.00,29.70,28.50,33.60,33.10,34.80
Almaty,18.90,23.60,26.20,27.50,28.70,28.60
Chongqing,18.90,15.60,12.90,14.70,13.20,11.20
Zug,18.20,16.20,18.20,18.10,19.40,19.10
Lucerne,18.10,12.80,12.40,12.30,11.90,11.70
Miami,17.90,16.50,18.30,19.20,21.30,23.40
Hisar,17.70,17.50,29.50,30.40,33.40,36.20
Cary,17.40,15.80,18.90,19.00,20.80,20.20
Wenzhou,17.00,1.60,5.10,8.10,10.30,10.90
Phoenix,16.90,17.40,19.00,19.00,19.40,19.00
Gstaad,16.70,17.80,18.00,18.00,20.70,21.80
"Grand Rapids",16.50,NULL,NULL,NULL,NULL,NULL
"Indian Creek",16.50,17.50,6.00,6.60,5.50,7.30
Reno,16.50,10.90,20.60,20.50,18.30,17.20
Cairo,16.20,17.10,18.30,18.20,18.40,18.60
Monaco,16.00,14.50,14.80,14.80,17.90,17.80
Gothenburg,15.90,12.10,15.10,15.60,14.90,14.10
Hyderabad,15.70,12.10,15.90,16.30,16.30,18.60
Baoding,15.50,14.50,9.80,11.30,11.00,12.40
Jiaxing,15.40,7.50,2.00,3.40,3.70,5.00
Xi'an,15.40,10.60,5.50,6.10,5.80,5.50
Gloucestershire,14.90,15.60,16.60,17.00,20.70,20.50
Munich,14.90,13.70,15.00,15.40,16.60,19.70
Yuxi,14.90,2.90,1.10,1.20,1.10,1.10
Yinchuan,14.80,12.20,13.30,14.60,13.80,13.90
"San Jose",14.60,15.50,6.90,6.40,6.30,10.50
Oslo,13.70,14.80,15.10,15.10,15.90,15.60
Aarhus,13.60,7.30,6.80,6.80,12.50,12.30
Amsterdam,13.40,12.10,13.20,14.10,14.20,13.10
Tulsa,13.40,13.30,14.40,14.50,14.80,14.80
"Crans Montana",13.20,6.50,6.60,6.60,6.60,6.50
Heidelberg,13.10,14.10,16.60,18.10,18.40,17.80
"Incline Village",12.90,10.20,15.70,15.70,14.50,13.20
Brookline,12.30,13.50,14.20,14.80,15.00,14.80
Hefei,12.30,13.90,6.60,7.20,9.20,9.20
"Saint Petersburg",12.30,13.80,13.20,13.60,15.60,16.00
Bruchsal,12.10,3.90,7.40,7.40,7.30,7.30
Basel,12.00,9.50,10.00,10.10,10.50,9.80
Haverford,12.00,28.50,28.90,28.90,27.60,27.60
Johannesburg,12.00,11.10,12.10,11.90,12.00,12.20
Kolkata,12.00,9.40,11.40,10.40,10.30,11.70
"Boca Raton",11.90,13.20,14.70,14.70,14.70,16.10
"Delray Beach",11.90,11.60,10.30,10.30,11.00,10.80
Hanoi,11.70,7.60,8.20,8.90,8.90,8.30
Melsungen,11.50,10.00,14.00,14.00,14.00,13.60
"Bryn Mawr",11.40,14.80,15.20,15.20,15.20,15.20
Honolulu,11.30,8.80,6.40,6.30,6.50,6.50
Newton,11.30,10.80,11.90,12.00,11.70,11.10
Xingtai,11.30,9.60,3.70,4.10,3.80,3.10
"Cape Town",11.20,13.50,13.80,14.40,13.90,13.20
Bloomington,11.10,10.20,10.30,10.50,10.60,10.20
Xiamen,11.00,13.30,4.40,5.60,4.50,8.30
Chennai,10.80,10.30,11.90,13.70,14.50,14.30
Stoke-on-Trent,10.80,12.80,14.20,14.70,16.80,15.60
Wuxi,10.80,10.00,4.30,4.80,4.90,4.80
Afton,10.70,13.70,22.10,23.10,20.90,20.90
Berlin,10.70,8.40,9.40,8.70,8.50,8.40
Philadelphia,10.70,12.50,13.60,13.30,13.30,13.20
Lyon,10.60,7.90,6.60,6.60,6.60,6.50
"Wilen bei Wollerau",10.60,10.00,9.90,9.60,10.30,10.40
Auckland,10.50,8.60,9.50,10.60,10.50,10.60
Fuzhou,10.40,5.40,2.70,5.90,5.60,6.00
Lexington,10.20,8.70,8.80,8.90,9.20,8.60
Herzogenaurach,10.10,12.80,12.70,15.20,13.10,12.00
Bielefeld,9.90,11.70,11.70,6.60,6.60,6.60
Bogota,9.90,6.40,7.50,7.30,7.20,7.40
Racine,9.90,14.40,14.70,14.80,14.80,14.80
Newmarket,9.80,8.90,8.60,9.10,7.20,7.00
Potomac,9.80,10.40,8.80,9.00,9.30,9.20
Surrey,9.80,8.90,8.60,9.10,7.20,7.00
Springfield,9.60,11.90,12.40,13.00,13.00,13.00
Binzhou,9.40,8.40,6.90,7.30,9.40,11.00
Ruschlikon,9.10,9.00,8.40,7.80,9.30,11.30
"Bal Harbour",9.00,8.60,11.10,11.00,11.40,12.30
Haiger,8.90,9.70,9.80,10.50,10.50,10.40
"Hobe Sound",8.90,8.90,11.00,11.00,11.00,11.00
Missoula,8.90,8.40,9.10,9.10,9.00,9.10
Kohler,8.80,NULL,NULL,NULL,NULL,NULL
Dongguan,8.70,3.90,NULL,NULL,1.20,1.30
Katonah,8.60,6.70,6.70,6.70,6.70,6.70
"Portola Valley",8.50,6.30,9.20,9.40,9.40,9.40
"St. Gallen",8.50,8.60,9.10,8.90,8.90,8.70
Treviso,8.50,8.90,9.60,9.50,10.00,9.60
Dublin,8.40,7.30,7.40,7.70,8.20,8.00
Huizhou,8.40,6.90,2.30,2.90,3.00,2.70
Ottawa,8.40,7.60,10.80,10.30,10.70,10.10
"Santa Barbara",8.40,7.40,8.10,8.30,8.30,8.10
Tianjin,8.40,4.30,4.30,3.50,3.30,3.30
Helsinki,8.30,9.90,10.30,10.40,10.80,11.10
"Chevy Chase",8.20,4.00,NULL,NULL,NULL,NULL
Henderson,8.10,7.90,9.60,9.90,10.10,10.00
"Saint John",8.10,11.20,11.80,11.80,11.90,12.20
Ulm,8.10,8.40,9.80,12.40,12.90,12.30
Irvine,8.00,9.90,12.20,12.50,10.20,9.70
Shaoxing,8.00,8.30,7.60,8.50,8.20,8.20
Winnetka,8.00,8.00,9.10,10.40,10.90,9.90
Alexandria,7.90,9.60,10.00,9.70,9.60,9.80
Lima,7.80,2.50,2.50,2.70,1.00,1.10
"New South Wales",7.80,8.40,6.70,6.10,6.10,5.80
Lausanne,7.70,7.10,7.50,7.60,7.50,7.50
Valencia,7.70,7.00,10.50,10.60,10.50,10.30
Verbier,7.70,8.10,8.10,8.10,9.30,9.30
Feldmeilen,7.60,6.70,6.70,6.30,6.80,7.00
Elizabeth,7.40,9.20,10.00,9.90,9.80,9.60
Rome,7.30,7.20,8.00,8.10,8.60,8.40
"Grand Cayman",7.20,7.00,6.90,6.90,7.00,7.00
Humlebaek,7.20,5.80,5.90,6.80,7.00,6.30
"Highland Park",7.10,7.00,3.70,3.70,3.80,3.60
Wilson,7.10,6.90,6.70,6.70,6.80,6.80
Madison,7.00,7.10,7.20,7.90,7.40,7.10
"Oyster Bay",7.00,6.20,6.40,6.50,6.20,6.10
Adel,6.90,7.40,7.90,7.80,9.70,10.80
Weifang,6.90,4.50,3.80,4.10,4.00,3.90
Portage,6.80,6.90,7.90,8.10,8.20,7.80
"Buenos Aires",6.70,4.80,6.90,6.40,7.40,7.20
"Bloomfield Hills",6.60,7.20,10.00,9.40,12.30,11.20
Darien,6.60,5.90,5.90,5.90,7.20,7.20
"Ho Chi Minh City",6.60,2.80,1.50,2.30,2.30,5.00
Magnitogorsk,6.60,10.20,10.50,10.50,10.60,10.60
Martigny,6.60,9.80,13.60,15.50,15.80,14.90
Rye,6.60,NULL,NULL,NULL,NULL,NULL
Zermatt,6.60,4.30,4.20,4.20,5.80,5.50
McLean,6.50,4.40,1.50,1.50,2.40,2.40
Millburn,6.50,6.80,7.30,7.30,7.30,7.30
"Newport Coast",6.50,6.60,NULL,NULL,NULL,NULL
Shangyu,6.50,7.20,2.50,3.90,4.90,4.80
Windermere,6.50,6.80,7.30,7.30,7.30,7.30
Beirut,6.40,5.60,5.20,5.10,5.60,5.60
Fortaleza,6.40,NULL,1.20,1.20,2.20,2.20
Redlands,6.40,7.00,9.50,9.60,8.10,7.70
Wuhan,6.40,6.50,3.60,5.30,4.60,4.70
Qingdao,6.30,4.90,4.30,4.70,4.90,7.20
Venice,6.30,2.50,3.70,2.60,2.60,3.30
Kielce,6.20,6.20,6.80,6.80,6.80,6.80
Ankara,6.10,6.30,6.60,6.60,6.50,6.50
Knoxville,6.10,7.30,14.30,14.30,13.10,13.10
"Saddle River",6.10,7.80,7.90,6.80,8.00,7.50
"San Anselmo",6.10,5.00,5.20,5.50,5.70,5.50
"Sugar Land",6.00,5.40,6.10,6.30,6.00,6.10
Millersville,5.90,6.40,7.20,7.10,7.20,7.00
Nanjing,5.90,2.90,1.30,3.80,3.40,3.60
Aurich,5.80,NULL,NULL,NULL,NULL,NULL
Branford,5.80,5.60,6.20,6.20,6.10,6.00
Nantes,5.80,4.30,3.70,3.90,4.20,4.00
"New Albany",5.80,6.00,6.00,6.00,6.00,6.00
Passau,5.80,5.40,5.40,5.60,5.60,5.60
"Sands Point",5.80,5.60,8.10,8.70,8.80,8.30
Brisbane,5.70,5.30,7.80,7.70,7.70,9.40
Hsinchu,5.70,4.70,5.50,6.40,6.80,6.30
Trondheim,5.70,4.50,4.80,4.80,4.70,4.40
Bethesda,5.60,5.30,6.60,6.70,7.00,8.70
"Laguna Beach",5.60,6.10,6.20,6.40,6.70,6.50
"Paradise Valley",5.60,5.10,7.50,6.40,6.40,6.30
"Rolling Hills",5.60,6.70,12.20,12.50,10.20,9.70
Visbek,5.60,5.30,5.40,5.40,5.70,5.70
Dusseldorf,5.50,4.50,5.20,3.30,3.30,3.20
Malibu,5.50,7.20,7.40,7.40,7.40,7.40
"Rancho Santa Fe",5.50,4.30,4.60,4.60,4.60,5.00
"Abu Dhabi",5.40,5.30,7.60,7.60,7.60,7.40
Albany,5.40,6.00,6.20,6.10,6.20,6.30
Fiesole,5.40,6.70,7.30,7.40,7.50,7.40
Fushun,5.40,4.60,3.90,3.90,3.80,3.80
Kyoto,5.40,3.70,2.80,2.80,3.00,3.50
Modena,5.40,5.50,8.80,9.60,9.90,9.50
Vettre,5.40,5.10,4.70,4.50,4.60,4.50
Windsor,5.40,5.70,5.70,5.70,5.50,5.50
Binningen,5.30,4.90,5.80,5.90,6.10,5.60
Camas,5.30,6.70,8.10,8.50,8.70,8.50
Ezulwini,5.30,6.50,6.10,6.10,7.10,6.90
"Isle of Man",5.30,5.20,5.20,5.20,5.60,5.60
Liestal,5.30,4.40,3.30,3.80,4.50,4.20
Mainz,5.30,5.00,3.60,3.60,3.70,3.60
Tawau,5.30,1.70,1.40,1.50,1.50,1.50
Walldorf,5.30,4.50,4.60,5.00,5.00,4.80
Zhengzhou,5.30,5.20,5.00,5.20,3.00,3.00
"East Hampton",5.20,5.50,4.40,4.10,4.00,3.90
Lugano,5.20,4.90,5.60,2.80,2.60,2.40
Palisades,5.20,5.50,4.40,4.10,4.00,3.90
"Petaling Jaya",5.20,4.00,3.60,3.60,3.70,4.10
"San Antonio",5.20,3.50,3.50,3.50,3.90,5.00
"Santa Clara",5.20,3.40,4.10,4.40,4.10,4.00
Southampton,5.20,5.50,4.40,4.10,4.00,3.90
Xinyu,5.20,3.20,1.60,1.90,1.70,1.60
Algiers,5.10,4.60,2.50,2.50,2.50,2.50
Lille,5.10,5.00,5.90,6.10,4.90,5.20
Birchwood,5.00,3.90,NULL,NULL,NULL,4.60
Bozeman,5.00,3.90,4.20,4.20,4.20,4.60
Clearwater,5.00,4.80,6.70,7.20,6.90,6.70
Kazan,5.00,5.40,8.60,8.60,9.00,9.00
Livingston,5.00,3.90,NULL,NULL,NULL,NULL
"North Palm Beach",5.00,5.70,6.20,6.20,6.20,6.20
Islamorada,4.90,5.20,NULL,NULL,NULL,NULL
Jona,4.90,5.70,6.50,6.80,7.00,6.80
Pleasanton,4.90,5.00,7.00,6.90,6.90,6.30
Brusque,4.80,3.20,3.30,3.30,2.30,2.30
Tbilisi,4.80,4.90,4.90,4.90,4.90,4.90
Barcelona,4.70,2.90,3.80,4.00,3.90,4.20
Fayetteville,4.70,4.30,5.00,5.00,4.80,4.30
Grijo,4.70,4.70,5.30,5.70,5.80,6.50
"Lighthouse Point",4.70,6.90,7.70,7.70,7.70,7.70
"Necker Island",4.70,3.40,2.90,2.90,2.00,2.60
Warsaw,4.70,3.90,2.00,2.00,2.00,2.90
Cleveland,4.60,4.50,4.60,4.60,4.70,4.70
Leawood,4.60,4.20,4.80,5.20,5.40,6.70
Zhongshan,4.60,2.50,NULL,NULL,NULL,NULL
Edmonton,4.50,4.30,4.40,4.40,NULL,5.00
Hertfordshire,4.50,4.80,5.20,5.20,5.20,5.20
Kiev,4.50,5.80,5.80,5.70,4.30,4.30
Kverva,4.50,2.70,3.70,4.10,4.10,4.00
Langfang,4.50,6.30,6.40,6.90,7.10,6.70
"Little Jackson Hole",4.50,3.40,3.60,3.80,4.00,4.10
"Steamboat Springs",4.50,3.90,6.00,6.30,6.50,6.40
"Bingham Farms",4.40,4.30,4.00,4.00,4.00,4.00
Bristol,4.40,2.40,3.70,3.90,4.00,4.00
"Bonita Springs",4.30,3.70,3.80,3.90,4.10,4.00
Changshu,4.30,5.20,4.40,4.70,4.70,5.20
Kirkkonummi,4.30,4.10,4.10,4.00,4.00,4.20
"Oak Brook",4.30,5.20,5.90,5.80,5.60,5.60
"San Diego",4.30,5.60,4.70,4.60,4.80,4.70
Changchun,4.20,1.80,3.90,4.10,2.80,2.90
Donetsk,4.20,5.70,5.70,5.70,4.00,4.00
Glendora,4.20,4.20,6.70,6.70,6.70,6.70
Koenigstein,4.20,4.80,3.60,NULL,NULL,NULL
"Menlo Park",4.20,3.70,4.60,4.60,4.90,4.80
Nashville,4.20,3.80,4.40,4.50,4.40,4.80
Weiningen,4.20,4.10,3.90,3.90,3.90,3.80
Croton-on-Hudson,4.10,4.70,4.90,5.40,5.40,5.40
Glencoe,4.10,4.20,4.30,4.30,3.90,3.90
"Coral Gables",4.00,4.30,4.90,5.00,5.00,6.50
Espelkamp,4.00,2.40,2.50,2.50,2.50,2.50
Hattiesburg,4.00,4.60,6.00,6.00,6.00,6.00
Hokkaido,4.00,3.30,3.80,4.20,4.40,3.90
Konstancin,4.00,4.00,4.40,4.40,4.40,4.30
Youngstown,4.00,5.10,5.80,5.80,5.80,5.80
"Port Washington",3.90,7.00,6.40,6.30,6.30,6.50
Davos,3.80,3.50,3.10,3.10,4.90,5.30
Netanya,3.80,3.70,4.30,4.50,4.50,4.10
"New Orleans",3.80,4.70,6.10,6.10,6.10,6.10
Rechterfeld,3.80,2.30,2.30,2.30,3.40,3.40
"Sag Harbor",3.80,3.30,3.10,3.20,3.20,3.00
Tonghua,3.80,2.60,1.10,2.10,2.10,2.10
Brunswick,3.70,3.00,4.70,4.70,4.70,4.60
"Coconut Grove",3.70,3.70,4.50,4.60,4.90,4.30
Jinjiang,3.70,3.40,2.90,2.80,2.90,2.90
"Pacific Palisades",3.70,4.00,4.80,4.80,4.80,4.80
"Santa Cruz",3.70,3.10,4.10,4.30,4.40,4.00
Torino,3.70,NULL,NULL,NULL,NULL,NULL
"Chestnut Hill",3.60,3.40,2.70,2.70,2.80,2.80
Daye,3.60,3.20,2.80,1.90,1.90,1.90
Esporles,3.60,2.70,3.40,2.10,2.10,2.00
Fuqing,3.60,3.10,3.30,3.60,3.50,3.90
"Indian Hills",3.60,1.90,2.10,2.00,2.10,2.30
"Kanton Schwyz",3.60,3.10,3.00,2.80,3.30,3.40
"Short Hills",3.60,3.60,4.20,4.30,4.30,4.40
Wilen,3.60,3.10,3.30,3.10,3.10,3.00
"A Coruña",3.50,4.30,4.40,4.40,4.40,4.40
"Bassano del Grappa",3.50,3.10,3.50,3.60,3.60,3.70
Bergamo,3.50,4.00,3.60,3.60,4.20,1.50
Bermuda,3.50,4.60,4.90,4.80,4.80,4.80
Carmel,3.50,3.90,4.30,4.30,4.40,4.40
Coatesville,3.50,4.10,3.80,3.70,3.80,3.90
Indianapolis,3.50,3.40,4.70,4.80,4.90,4.70
Ventura,3.50,2.30,3.40,3.40,3.40,3.40
Wynnewood,3.50,NULL,NULL,NULL,NULL,NULL
"Marina Del Rey",3.40,4.30,3.80,3.80,3.80,3.80
Montpellier,3.40,3.30,2.60,2.60,3.30,3.30
Plantation,3.40,4.10,4.10,4.50,4.20,4.00
Redding,3.40,5.50,5.40,5.40,5.40,5.40
Rheda-Wiedenbruck,3.40,2.60,2.20,2.20,2.20,2.20
Scottsdale,3.40,3.40,3.60,3.60,3.60,3.60
"Sioux Falls",3.40,2.00,2.10,2.10,2.10,2.10
Tongxiang,3.40,2.30,NULL,NULL,NULL,NULL
Casablanca,3.30,2.80,3.00,3.00,3.00,3.00
Doha,3.30,3.00,3.10,3.00,3.70,3.70
"Krotoszyn,",3.30,4.80,6.00,6.00,5.00,5.00
Montabaur,3.30,2.10,2.70,2.50,2.40,2.60
"Sao Jose dos Pinhais",3.30,3.10,3.30,5.70,5.60,5.50
Stuttgart,3.30,3.40,3.40,3.40,4.30,4.20
Suqian,3.30,NULL,2.20,2.30,2.20,2.20
"Virginia Beach",3.30,4.80,4.90,4.90,4.90,5.00
Xinxiang,3.30,NULL,2.30,2.50,2.50,2.50
Yantai,3.30,4.50,2.00,4.00,4.00,4.10
Zhuzhou,3.30,1.70,NULL,NULL,NULL,NULL
Erie,3.20,4.20,6.40,7.40,7.30,7.00
Krasnodar,3.20,3.20,3.20,3.20,3.30,3.30
Oakville,3.20,3.30,5.20,5.20,5.40,5.30
"Park City",3.20,2.00,2.90,3.40,3.40,3.10
"Salt Lake City",3.20,4.00,3.90,3.90,3.90,3.90
"Fort Collins",3.10,3.20,3.80,3.90,3.90,3.70
Hengshui,3.10,1.40,1.60,1.60,1.70,1.70
Herzliya,3.10,2.70,2.90,3.00,3.10,2.90
Küsnacht,3.10,3.30,3.40,3.40,3.40,3.30
"North York",3.10,2.40,2.40,2.30,2.70,2.70
Como,3.00,3.50,3.40,3.80,4.00,3.80
Leipzig,3.00,2.90,2.90,2.70,2.70,2.70
Ohningen,3.00,2.90,2.90,2.70,2.70,2.70
Provo,3.00,3.00,3.50,3.50,3.60,3.60
Springdale,3.00,NULL,NULL,NULL,NULL,NULL
Birmingham,2.90,3.20,3.90,4.00,4.10,3.80
"East Aurora",2.90,4.10,NULL,NULL,NULL,NULL
Fukuoka,2.90,1.90,2.30,2.10,3.60,3.40
"Idaho Falls",2.90,3.10,3.30,3.30,3.30,3.40
Jiangyin,2.90,2.90,3.60,3.90,4.00,4.00
"Little Rock",2.90,3.20,3.20,3.20,3.20,3.20
Rheinfelden,2.90,2.60,2.60,2.40,2.70,2.80
Taixing,2.90,2.90,2.90,3.50,3.50,3.80
Astana,2.80,2.70,2.70,2.70,2.70,2.70
Kingscourt,2.80,2.10,2.40,2.70,2.70,2.70
Merseyside,2.80,3.70,4.40,4.60,4.00,4.20
Nicasio,2.80,2.60,1.60,1.60,1.60,1.60
Putian,2.80,4.10,1.60,1.90,1.50,1.60
Rhinebeck,2.80,2.00,1.10,1.10,1.10,1.10
"San Juan Islands",2.80,2.20,2.30,2.30,1.30,1.30
Scarborough,2.80,2.50,3.00,3.10,3.20,3.00
Vorden,2.80,2.60,2.50,2.50,2.70,NULL
Weston,2.80,2.50,3.00,3.10,3.20,3.00
Yingkou,2.80,2.80,2.70,2.70,2.40,2.40
Brownsville,2.70,3.30,3.10,3.20,3.20,3.00
"Ponzano Veneto",2.70,3.20,3.30,3.30,3.30,3.20
Tampa,2.70,3.00,NULL,NULL,NULL,NULL
"The Woodlands",2.70,3.00,3.20,3.20,3.20,3.20
Aspen,2.60,2.50,2.80,2.90,3.00,2.90
Cisco,2.60,3.10,2.80,2.80,4.10,3.90
Copenhagen,2.60,NULL,NULL,NULL,NULL,NULL
Curitiba,2.60,NULL,NULL,NULL,NULL,1.40
Duderstadt,2.60,2.60,2.80,2.80,2.80,2.70
Gurgaon,2.60,2.10,2.90,2.80,2.90,3.10
Linhai,2.60,1.10,NULL,NULL,NULL,NULL
"Marin County",2.60,2.40,2.60,2.60,2.60,2.60
Montecito,2.60,2.50,2.80,2.80,2.80,3.00
"Ormond Beach",2.60,2.20,3.10,3.30,3.40,3.20
"Phnom Penh",2.60,2.80,NULL,NULL,NULL,NULL
Yanzhou,2.60,2.50,2.40,2.80,2.80,3.00
Berkeley,2.50,2.40,2.70,2.70,2.90,2.90
Burgdorf,2.50,2.50,4.00,4.50,4.40,4.10
Edmond,2.50,2.20,1.70,1.60,1.70,1.70
Jacksonville,2.50,1.20,3.20,3.60,3.90,3.40
Mankato,2.50,2.70,3.00,2.90,2.90,2.90
Muscat,2.50,2.70,1.80,2.00,2.10,1.80
"St. Peter Port",2.50,2.30,2.40,2.50,2.50,2.50
Manaus,2.40,2.30,2.80,2.80,2.80,2.70
"Neustadt an der Waldnaab",2.40,2.50,2.50,2.70,2.70,2.70
Norwich,2.40,2.10,1.70,1.70,2.30,2.50
"Old Lyme",2.40,1.90,2.00,2.00,2.00,2.20
Taichung,2.40,2.60,2.50,3.00,2.80,2.50
Wollerau,2.40,1.90,2.20,2.30,2.30,2.30
Yangzhou,2.40,1.60,1.00,1.20,1.10,1.10
Bastad,2.30,NULL,NULL,NULL,NULL,NULL
Brookville,2.30,2.30,NULL,NULL,NULL,NULL
Chaozhou,2.30,2.00,1.40,1.60,1.60,1.80
Gorinchem,2.30,1.70,2.00,2.20,2.10,2.00
Hurden,2.30,2.30,2.30,2.10,2.10,2.10
"La Jolla",2.30,1.70,1.70,1.70,NULL,NULL
"New Delhi",2.30,2.10,2.20,2.20,2.10,2.10
Pittsburgh,2.30,2.70,3.00,3.00,2.90,3.00
Portland,2.30,2.30,2.20,2.30,2.20,2.20
Sarasota,2.30,2.90,2.70,2.70,2.70,2.70
Vaduz,2.30,2.30,2.40,1.50,1.50,1.50
Weinheim,2.30,2.20,2.40,2.40,2.40,2.40
Westmount,2.30,2.50,3.20,3.20,3.10,2.90
Krefeld,2.20,2.10,2.10,1.70,1.70,1.70
Larchmont,2.20,3.30,3.00,3.00,3.00,3.00
Linyi,2.20,2.00,1.90,1.60,1.60,1.60
"Paradise Island",2.20,2.20,2.00,2.30,2.20,2.20
Providence,2.20,3.10,3.40,3.40,3.40,3.40
"Turks and Caicos Islands",2.20,2.00,2.00,2.00,2.00,2.00
Whistler,2.20,2.00,2.10,2.00,2.00,2.00
Ypsilanti,2.20,2.00,2.00,2.00,2.90,2.90
Belvedere,2.10,1.20,1.30,1.40,1.80,1.30
Durham,2.10,2.10,2.20,2.30,2.40,2.30
"El Cerrito",2.10,2.20,1.50,1.50,2.50,2.00
Leicester,2.10,NULL,NULL,NULL,NULL,NULL
Saratoga,2.10,2.30,3.60,3.60,3.80,3.40
Surabaya,2.10,1.90,2.10,2.10,2.10,2.00
"Surfers Paradise",2.10,2.10,2.20,2.20,2.30,2.30
Turin,2.10,1.70,1.70,1.70,2.60,2.60
Xianyang,2.10,1.60,NULL,NULL,NULL,NULL
Burlington,2.00,1.40,1.30,1.40,1.30,1.30
Cupertino,2.00,1.80,1.90,2.10,2.00,2.00
Darmstadt,2.00,2.00,2.40,2.40,2.40,2.40
"Lake Worth",2.00,2.60,2.60,2.60,2.60,2.60
Solomeo,2.00,3.20,3.70,4.40,4.20,3.80
Tainan,2.00,1.90,NULL,NULL,NULL,NULL
Yixing,2.00,1.80,1.20,1.60,1.80,2.00
Aberdyfi,1.90,1.40,1.50,1.50,1.50,1.50
Allendorf,1.90,1.80,1.80,2.40,2.50,2.50
Alpine,1.90,1.90,1.90,1.90,2.20,2.20
Anyang,1.90,NULL,NULL,NULL,NULL,NULL
Chiba,1.90,1.70,1.60,1.40,1.40,1.40
Haridwar,1.90,3.40,3.30,3.80,3.80,3.70
Lanzhou,1.90,1.70,1.30,1.50,1.50,1.50
Manantiales,1.90,1.80,2.00,2.00,4.90,5.10
Monsey,1.90,1.90,1.90,1.90,2.00,2.00
"North Salem",1.90,1.90,1.90,1.90,2.10,2.10
Spilamberto,1.90,1.50,1.50,1.50,1.50,1.40
Urumchi,1.90,1.20,NULL,NULL,NULL,NULL
"Verkhniaya Pyshma",1.90,4.30,4.10,4.20,4.40,4.40
Yunlin,1.90,1.70,1.90,1.80,1.70,1.70
Audubon,1.80,1.40,1.40,1.40,1.40,1.30
Blaricum,1.80,1.80,1.80,1.80,1.80,1.80
"Daytona Beach",1.80,1.80,1.80,1.80,1.80,1.80
"El Paso",1.80,2.10,2.30,2.30,1.60,1.60
Graz,1.80,2.50,2.40,2.50,2.70,2.40
Liaoyang,1.80,NULL,NULL,NULL,NULL,NULL
Montagnola,1.80,1.60,1.50,1.50,1.50,1.50
"Porto Alegre",1.80,1.70,2.40,2.40,2.60,2.50
Schwieberdingen,1.80,1.50,2.00,2.00,1.90,1.90
"St. Paul",1.80,1.60,1.60,1.70,1.60,1.60
Stellenbosch,1.80,1.00,1.20,1.10,1.20,1.30
Weihai,1.80,2.20,1.20,1.20,1.20,1.30
Yekaterinburg,1.80,5.10,4.40,5.30,7.10,8.00
Aberdeen,1.70,1.70,1.70,1.70,1.70,1.70
Annapolis,1.70,1.70,1.70,1.70,1.90,1.90
Bedford,1.70,1.50,1.50,1.50,1.70,1.70
Bratislava,1.70,1.60,1.60,2.00,1.60,1.60
Charleston,1.70,1.90,2.00,2.10,2.30,3.80
"Crocetta del Montello",1.70,1.50,1.40,1.40,1.40,1.40
"Farmington Hills",1.70,NULL,NULL,NULL,NULL,NULL
"Gold Coast",1.70,1.50,1.40,1.30,1.30,1.30
Jupiter,1.70,2.00,3.00,3.00,3.20,3.20
Karlstad,1.70,1.10,NULL,NULL,NULL,NULL
"Key Largo",1.70,1.70,1.70,1.70,2.40,2.40
Kitzbuhel,1.70,1.60,1.60,2.50,2.50,2.40
Nottinghamshire,1.70,1.60,1.70,1.70,2.50,2.40
Sewickley,1.70,2.10,2.40,2.70,3.20,2.90
Straelen,1.70,1.60,1.30,1.30,1.30,1.30
Vadodara,1.70,1.40,1.70,1.80,1.70,1.90
Aurangabad,1.60,1.30,2.10,1.90,1.80,2.00
Bucharest,1.60,2.00,2.00,2.00,2.10,2.10
Easton,1.60,2.10,2.30,2.50,1.60,1.50
Englewood,1.60,1.20,1.30,1.30,1.30,1.40
"Fort Lauderdale",1.60,2.40,2.80,3.00,3.10,3.20
Grebenhain,1.60,NULL,NULL,NULL,NULL,NULL
Laizhou,1.60,1.30,NULL,NULL,NULL,NULL
Manalapan,1.60,1.60,1.60,1.60,1.40,1.40
Marbella,1.60,2.50,3.00,3.00,3.00,3.00
Nanyang,1.60,1.20,NULL,NULL,1.00,1.00
Orono,1.60,1.20,1.30,1.30,1.30,1.40
Plymouth,1.60,1.20,1.30,1.30,1.30,1.40
Princeton,1.60,1.70,1.70,1.80,1.80,1.80
Pujols,1.60,1.50,1.50,1.50,1.70,1.70
Rostov-on-Don,1.60,NULL,NULL,NULL,NULL,NULL
"Santa Monica",1.60,1.90,2.00,2.00,1.30,1.30
Selangor,1.60,1.10,NULL,NULL,NULL,NULL
Baroda,1.50,1.30,1.80,1.90,1.80,1.80
Cardiff,1.50,1.10,1.40,1.50,1.50,1.40
"Dar es Salaam",1.50,1.50,1.80,1.80,1.80,1.80
"Fisher Island",1.50,2.50,1.50,2.60,2.60,2.60
Hillsborough,1.50,1.50,1.50,1.50,2.30,2.30
Irkutsk,1.50,1.90,3.10,3.10,3.30,3.60
Jiaozuo,1.50,2.40,NULL,NULL,NULL,1.20
Kathmandu,1.50,1.80,1.80,1.80,1.80,1.80
"Kfar Shmaryahu",1.50,1.50,1.50,1.50,1.80,1.80
Liberty,1.50,1.50,1.50,1.50,1.50,1.50
Lutherville-Timonium,1.50,1.10,1.00,1.10,1.00,NULL
Manama,1.50,1.50,1.50,1.50,1.50,1.50
Marburg,1.50,1.60,2.40,2.40,2.40,2.40
Matadepera,1.50,1.10,NULL,NULL,NULL,NULL
"Mevaseret Zion",1.50,1.30,1.30,1.30,1.40,1.40
"Redwood City",1.50,1.50,1.80,1.70,1.80,1.70
Saint-Emilion,1.50,NULL,NULL,NULL,NULL,NULL
Wotton-under-Edge,1.50,1.40,1.30,1.60,1.60,1.50
Athens,1.40,1.90,2.00,2.10,2.10,6.70
"Belle Vernon",1.40,NULL,NULL,NULL,NULL,NULL
"Bnei Atarot",1.40,1.20,1.30,1.40,1.30,1.30
Cesena,1.40,1.50,1.60,1.60,1.60,1.50
Chattanooga,1.40,1.10,1.20,1.30,1.50,1.30
Ernakulam,1.40,NULL,1.30,1.20,1.40,1.60
Haikou,1.40,NULL,NULL,NULL,NULL,1.30
Helsingborg,1.40,1.40,1.40,1.40,1.60,1.60
Kearney,1.40,1.40,1.40,1.50,1.70,1.70
Kottayam,1.40,NULL,1.30,1.20,1.40,1.60
"San Carlos",1.40,1.00,1.40,1.20,1.20,1.10
"San Mateo",1.40,NULL,1.40,1.20,1.00,NULL
"Sant Elpidio A Mare",1.40,1.20,1.20,1.30,1.40,1.40
"Santo Andre",1.40,1.40,1.50,1.70,1.70,1.70
"St. Brelade",1.40,1.90,2.00,2.00,2.00,2.00
"St. Wendel",1.40,1.10,1.10,1.60,1.60,1.50
Taoyuan,1.40,1.30,NULL,NULL,NULL,1.00
Trivandrum,1.40,NULL,1.30,1.20,1.40,1.60
Wuhu,1.40,1.30,1.30,1.30,1.30,1.30
"Yorktown Heights",1.40,1.60,2.00,2.00,2.10,1.90
Baarn,1.30,1.20,1.20,1.20,1.20,1.20
Boucherville,1.30,1.60,2.00,2.10,2.00,1.90
Budapest,1.30,1.50,1.60,1.50,1.50,2.50
Campodoro,1.30,1.50,1.50,1.50,1.50,1.50
Canberra,1.30,1.50,1.70,1.70,1.70,1.70
Cincinnati,1.30,1.60,2.50,3.20,3.30,3.20
Hohhot,1.30,NULL,NULL,NULL,NULL,NULL
"Huaibei city",1.30,1.20,NULL,NULL,NULL,NULL
Jinhua,1.30,1.90,1.80,2.40,2.30,2.30
Lipperswil,1.30,1.10,1.10,1.20,1.20,1.20
"Locust Valley",1.30,1.30,1.50,1.50,1.80,1.80
Luohe,1.30,1.10,1.20,1.30,1.40,2.90
Saitama,1.30,1.40,1.60,1.50,1.60,1.40
"Belo Horizonte",1.20,NULL,1.40,1.80,1.90,1.70
"Bnei Brak",1.20,1.20,1.20,1.20,1.50,1.50
"Chang Hwa County",1.20,1.20,1.20,1.30,1.30,1.30
Cieszyn,1.20,1.30,1.70,1.70,1.70,1.70
Deinze,1.20,1.20,1.20,1.20,NULL,NULL
Detmold,1.20,1.10,1.30,NULL,NULL,NULL
Eindhoven,1.20,NULL,NULL,NULL,NULL,NULL
"Far Hills",1.20,NULL,NULL,NULL,NULL,NULL
Felcsut,1.20,1.20,1.70,1.70,1.70,1.60
Jaipur,1.20,1.20,1.20,1.00,1.00,1.20
Kaohsiung,1.20,1.10,1.30,1.60,1.80,NULL
"Mount Kisco",1.20,1.20,1.30,1.30,1.30,1.30
Qinhuangdao,1.20,NULL,NULL,NULL,NULL,NULL
Rottendorf,1.20,1.10,1.40,1.50,1.50,1.50
Shantou,1.20,2.60,3.70,3.90,3.30,3.30
Tarrytown,1.20,2.60,3.40,3.50,3.50,3.20
Wels,1.20,1.60,1.10,1.10,NULL,NULL
Yongzhou,1.20,1.10,NULL,NULL,NULL,NULL
Augsburg,1.10,NULL,NULL,NULL,NULL,NULL
Cologne,1.10,NULL,NULL,NULL,NULL,1.00
Dnipro,1.10,1.10,1.10,1.10,1.00,1.00
Joinville,1.10,1.40,1.20,1.20,1.20,1.20
Landsberg,1.10,1.00,1.60,1.70,1.70,1.70
"Mercer Island",1.10,NULL,1.30,1.10,1.10,1.00
"Monte Vista",1.10,NULL,1.40,1.50,1.30,1.20
"Palma de Majorca",1.10,1.10,1.10,NULL,NULL,NULL
Taizhou,1.10,NULL,1.30,1.40,1.30,1.20
Tervuren,1.10,1.10,1.10,1.10,1.10,1.10
Duluth,1.00,NULL,1.30,1.20,NULL,1.40
Holzminden,1.00,NULL,NULL,NULL,NULL,NULL
Albuquerque,NULL,NULL,1.70,1.70,1.70,1.70
Baar,NULL,NULL,NULL,NULL,NULL,1.00
Bat-Yam,NULL,NULL,1.40,1.40,NULL,NULL
"Baton Rouge",NULL,NULL,NULL,NULL,NULL,9.10
"Beit Yanay",NULL,1.00,1.00,1.00,1.10,1.10
Bellawongarah,NULL,NULL,NULL,NULL,NULL,1.10
"Big Sky",NULL,NULL,NULL,NULL,NULL,1.10
Bikaner,NULL,NULL,NULL,NULL,NULL,1.20
Bovenden,NULL,NULL,NULL,NULL,NULL,1.90
Brescia,NULL,NULL,NULL,NULL,NULL,2.30
Busan,NULL,NULL,NULL,NULL,1.20,NULL
"Campos do Jordao",NULL,NULL,NULL,NULL,1.00,NULL
Cataguazes,NULL,NULL,NULL,NULL,NULL,1.10
Charlotte,NULL,NULL,NULL,NULL,NULL,1.00
Cheongju,NULL,NULL,NULL,NULL,NULL,1.70
Concord,NULL,NULL,NULL,NULL,NULL,1.50
"Cut Off",NULL,NULL,NULL,NULL,NULL,2.00
Danyang,NULL,NULL,2.70,3.00,2.90,3.30
Eusebio,NULL,NULL,NULL,NULL,NULL,1.00
Faridabad,NULL,NULL,NULL,NULL,1.40,1.40
Florianopolis,NULL,NULL,NULL,NULL,NULL,5.00
Gallatin,NULL,1.10,1.30,1.60,1.60,1.60
Gaomi,NULL,1.00,1.00,1.20,1.30,1.40
Huzhou,NULL,NULL,1.50,1.90,1.60,1.60
Kaliningrad,NULL,NULL,NULL,2.50,2.50,2.50
Kauai,NULL,NULL,1.40,1.50,1.10,NULL
Kent,NULL,NULL,NULL,NULL,NULL,3.30
"Key West",NULL,NULL,NULL,NULL,NULL,1.10
Lakeland,NULL,NULL,NULL,NULL,NULL,5.10
Liaocheng,NULL,1.60,1.40,3.90,3.90,5.30
Limassol,NULL,NULL,NULL,NULL,NULL,1.20
Longkou,NULL,NULL,2.90,2.40,2.50,2.40
Luancheng,NULL,3.00,2.40,2.50,2.50,2.60
Makati,NULL,1.00,NULL,NULL,1.00,NULL
Meishan,NULL,1.40,NULL,NULL,NULL,NULL
Miamisburg,NULL,NULL,NULL,NULL,NULL,2.00
Murmansk,NULL,1.20,1.20,1.20,1.30,1.30
Nanping,NULL,2.20,1.30,1.40,1.40,1.40
Nantong,NULL,1.20,NULL,1.00,NULL,NULL
Oviedo,NULL,NULL,NULL,NULL,NULL,2.00
Panzhihua,NULL,1.80,1.20,1.40,1.50,1.50
Quzhou,NULL,1.10,NULL,NULL,NULL,NULL
Raleigh,NULL,NULL,NULL,NULL,NULL,2.50
Rennes,NULL,NULL,NULL,NULL,NULL,4.80
Rochester,NULL,NULL,NULL,NULL,NULL,1.70
Ruzhou,NULL,NULL,1.30,4.00,2.00,1.00
Sagaponack,NULL,1.50,1.50,NULL,NULL,NULL
Shelburne,NULL,NULL,NULL,NULL,NULL,1.90
Shenyang,NULL,2.50,1.60,1.70,1.60,1.60
Shijiazhuang,NULL,3.90,2.70,3.00,2.80,2.60
Shunde,NULL,1.20,1.30,1.40,2.40,2.60
Surgut,NULL,1.40,1.50,1.50,1.50,1.50
Tempe,NULL,3.00,NULL,NULL,NULL,NULL
Thrissur,NULL,NULL,2.70,3.00,3.30,3.20
Urumqi,NULL,2.30,4.70,4.90,4.90,4.80
Vladivostok,NULL,NULL,NULL,NULL,NULL,2.60
Wellington,NULL,NULL,NULL,NULL,NULL,1.40
Yunfu,NULL,1.00,1.10,1.00,1.00,1.00
Zhaoyuan,NULL,NULL,2.10,2.40,2.20,2.40
Zhuji,NULL,3.00,2.60,2.70,2.60,2.60
